(Parent) ASIN,(Child) ASIN,Units Ordered,Well Woven SKU
B01D5JGOO8,B01D5KC4SC,526,VI41-5
B01B3VML60,B01B3VAMVG,410,600165
B071X12KKP,B072QSPMLG,358,AR-2031
B015AQARDI,B015AMT378,319,9535
B01H7X6HEA,B01H7X6OS4,276,6630-2031
B01B3VML60,B01B3VA9H8,275,600125
B01H7X6GJ6,B01H7X7CW6,259,6518-2L
B071GGRX7Z,B072MW656V,247,VE-80-5
B01D5JGOO8,B01D5JGZQU,238,VI41-7
B015AQARDI,B016LEET5K,229,9534
B00SOULB38,B01BJH8H52,221,547805
B015AQARDI,B015AMT2L0,214,9537
B079YYB1B3,B01M0OP5XF,204,MC-62-5
B016FNZ4D8,B0181DGGKA,177,36002
B01D5JGOO8,B01D5JGV00,172,VI11-5
B015AQAOFO,B015AMT206,164,9305
B079YYB1B3,B01LZDSM1C,162,MC-66-5
B01C9K3FZA,B01C9F2NIU,162,21073
B01B3VML60,B01B3VA3QU,160,600105
B01D5JGOO8,B01M27Q2N8,160,VI41-4
B01D5JGOO8,B01D5JGTRK,143,VI41-2031
B01H7X6G78,B01H7X6GPK,138,6528-2S
B01H7X6D5I,B01N1TLY3E,137,6680-SLICE
B01M1XYYW3,B01M0OP5XF,134,MC-62-5
B01B3VML60,B01B3VABV2,132,600127
B01B3VML60,B01B3VANXS,128,600167
B01D5JGOO8,B01D5JGVGO,127,VI21-5
B01B3VML60,B01B3VA5TA,123,600122
B01H7X6HEA,B079N28684,123,KC-108-2031
B01D5JGOO8,B01D5JGWY0,120,VI81-5
B01B3VML60,B01B3VAJOQ,118,600162
B01H7X6G78,B01H7X6TP2,115,6528-2031
B01B3VML60,B01B3VAH16,113,600155
B01B3VML60,B01B3VA4VE,112,600107
B01H7X6GJ6,B01N9IW1EZ,112,65185
B01B3VML60,B01B3VAKQI,110,600164
B01I1V89XO,B01I0IYZRC,110,LX-56-5
B01H7X6HEA,B01NCMO8SO,109,6636-SLICE
B01I1V8AVA,B01I0IYV9O,108,LX-64-5
B015AQAPD0,B015AMT4GS,108,9665
B00SOULB38,B01BJH8A3Q,102,547865
B073T58Y7R,B073T4Q97C,101,70035
B073T58Y7R,B073T57G5J,99,70025
B01H7X6GJ6,B079MKYKJJ,99,KC-128-2S
B01B3VML60,B01B3VA70M,98,600124
B013KX3EQ0,B013KX2NDK,98,0946-2031
B01H7X6GJ6,B079MJCCSY,97,KC-128-2031
B01H7X6GJ6,B01H7X6MKE,96,6516-2031
B01B3VML60,B01B3VAHCA,95,600905